"","site_name","plantingID","planting_name"
"1","Anderson Island West - North - south - HC - test - 2017","AND_west_L1__2017-05-05__turf__RKB","multiple"
"2","Anderson Island West - North - north - HC - test - 2017","AND_west_L1__2017-05-05__turf__RKB","multiple"
"3","Anderson Island West - South - south - HC - test - 2017","AND_south_L1__2017-05-05__turf__RKB","multiple"
"4","Anderson Island West - South - north - HC - test - 2017","AND_south_L1__2017-05-05__turf__RKB","multiple"
"5","Anderson Island South 1 - west - HC - large - 2017","AND_south_L2__2017-06-02__turf__RKB","multiple"
"6","Anderson Island South 1 - east - HC - large - 2017","AND_south_L2__2017-06-02__turf__RKB","multiple"
"7","Anderson Island South 2 - west - HC - large - 2017","AND_south_L3__2017-06-04__turf__RKB","multiple"
"8","Anderson Island South 2 - east - HC - large - 2017","AND_south_L3__2017-06-04__turf__RKB","multiple"
"9","Delano W T1 - HC - test - 2016","DEL_L1__2016-04-21__burlap__CTI","multiple"
"10","Delano W T2 - HC - test - 2016","DEL_L1__2016-04-21__burlap__CTI","multiple"
"11","Delano Beach - SE - HC - large - 2016","DEL_P1__2016-06-14__burlap__CTI","multiple"
"12","Delano Beach - SW - HC - large - 2016","DEL_P1__2016-06-14__burlap__CTI","multiple"
"13","Delano Beach - NE - HC - large - 2016","DEL_P1__2016-06-14__burlap__CTI","multiple"
"14","Delano Beach - NW - HC - large - 2016","DEL_P1__2016-06-14__burlap__CTI","multiple"
"15","Fudge Point South - south - HC - test - 2017","FDG_L1__2017-07-19__turf__RKB","multiple"
"16","Fudge Point South - north - HC test - 2017","FDG_L1__2017-07-19__turf__RKB","multiple"
"17","Fudge Point North - south - HC - test - 2017","FDG_L2__2017-07-19__turf__RKB","multiple"
"18","Fudge Point North - north - HC - test - 2017","FDG_L2__2017-07-19__turf__RKB","multiple"
"19","Fudge Point South - south - HC - test - 2018","FDG_L1__2018-06-12__rebar__DPW","multiple"
"20","Fudge Point South - north - HC test - 2018","FDG_L1__2018-06-12__rebar__DPW","multiple"
"21","Fudge Point North - south - HC - test - 2018","FDG_L2__2018-06-12__rebar__DPW","multiple"
"22","Fudge Point North - north - HC - test - 2018","FDG_L2__2018-06-12__rebar__DPW","multiple"
"23","Joemma Beach State Park Mid South - W - PNNL - large - 2015","JSP_mid_south_P1__2015-05-17__staple__Mix","multiple"
"24","Joemma Beach State Park Mid South - N - PNNL - large - 2015","JSP_mid_south_P1__2015-05-17__staple__Mix","multiple"
"25","Joemma Beach State Park Mid South - E - PNNL - large - 2015","JSP_mid_south_P1__2015-05-17__staple__Mix","multiple"
"26","Joemma Beach State Park Mid South - S - PNNL - large - 2015","JSP_mid_south_P1__2015-05-17__staple__Mix","multiple"
"27","Joemma Beach State Park Mid North - NW - PNNL - large - 2015","JSP_mid_north_P1__2015-06-07__staple__Mix","multiple"
"28","Joemma Beach State Park Mid North - NE - PNNL - large - 2015","JSP_mid_north_P1__2015-06-07__staple__Mix","multiple"
"29","Joemma Beach State Park Mid North - SE - PNNL - large - 2015","JSP_mid_north_P1__2015-06-07__staple__Mix","multiple"
"30","Joemma Beach State Park Mid North - SW - PNNL - large - 2015","JSP_mid_north_P1__2015-06-07__staple__Mix","multiple"
"31","Joemma Beach State Park South - SE - HC - large 1 - 2016","JSP_south_P1__2016-07-25__burlap__RKB","multiple"
"32","Joemma Beach State Park South - SW - HC - large 1 - 2016","JSP_south_P1__2016-07-25__burlap__RKB","multiple"
"33","Joemma Beach State Park South - NE - HC - large 1 - 2016","JSP_south_P1__2016-07-25__burlap__RKB","multiple"
"34","Joemma Beach State Park South - NW - HC - large 1 - 2016","JSP_south_P1__2016-07-25__burlap__RKB","multiple"
"35","Joemma Beach State Park North - south - HC - test 1 - 2017","JSP_north_L1__2017-05-04__turf__RKB","multiple"
"36","Joemma Beach State Park North - north - HC - test 1 - 2017","JSP_north_L1__2017-05-04__turf__RKB","multiple"
"37","Joemma Beach State Park North - south - HC - test 2 - 2017","JSP_north_L2__2017-05-04__turf__RKB","multiple"
"38","Joemma Beach State Park North - north - HC - test 2 - 2017","JSP_north_L2__2017-05-04__turf__RKB","multiple"
"39","Joemma Beach State Park South - SE - HC - large 2 - 2017","JSP_south_P2__2017-05-07__turf__CTI","multiple"
"40","Joemma Beach State Park South - SW - HC - large 2 - 2017","JSP_south_P2__2017-05-07__turf__CTI","multiple"
"41","Joemma Beach State Park South - NE - HC - large 2 - 2017","JSP_south_P2__2017-05-07__turf__CTI","multiple"
"42","Joemma Beach State Park South - NW - HC - large 2 - 2017","JSP_south_P2__2017-05-07__turf__CTI","multiple"
"43","Joemma Beach State Park South - SE - HC - large 3 - 2017","JSP_south_P3__2017-05-19__turf__DPW","multiple"
"44","Joemma Beach State Park South - SW - HC - large 3 - 2017","JSP_south_P3__2017-05-19__turf__DPW","multiple"
"45","Joemma Beach State Park South - NE - HC - large 3 - 2017","JSP_south_P3__2017-05-19__turf__DPW","multiple"
"46","Joemma Beach State Park South - NW - HC - large 3 - 2017","JSP_south_P3__2017-05-19__turf__DPW","multiple"
"47","Joemma Beach State Park South - SE - HC - large 4 - 2017","JSP_south_P4__2017-05-22__turf__RKB","multiple"
"48","Joemma Beach State Park South - SW - HC - large 4 - 2017","JSP_south_P4__2017-05-22__turf__RKB","multiple"
"49","Joemma Beach State Park South - NE - HC - large 4 - 2017","JSP_south_P4__2017-05-22__turf__RKB","multiple"
"50","Joemma Beach State Park South - NW - HC - large 4 - 2017","JSP_south_P4__2017-05-22__turf__RKB","multiple"
"51","McDermott Point South - south - HC - test - 2017","MCD_south_L1__2017-05-04__turf__RKB","multiple"
"52","McDermott Point South - north - HC - test - 2017","MCD_south_L1__2017-05-04__turf__RKB","multiple"
"53","McDermott Point North - south - HC - test - 2017","MCD_north_L1__2017-05-04__turf__RKB","multiple"
"54","McDermott Point North - north - HC - test - 2017","MCD_north_L1__2017-05-04__turf__RKB","multiple"
"55","Port Gamble Bay - 1 - PNNL - large scale - N corner","PTG_P1__2015-04-01__staple__PTJ","multiple"
"56","Port Gamble Bay - 1 - PNNL - large scale - E corner","PTG_P1__2015-04-01__staple__PTJ","multiple"
"57","Port Gamble Bay - 1 - PNNL - large scale - S corner","PTG_P1__2015-04-01__staple__PTJ","multiple"
"58","Port Gamble Bay - 1 - PNNL - large scale - W corner","PTG_P1__2015-04-01__staple__PTJ","multiple"
"59","Port Gamble Bay - 2 - PNNL - large scale - N corner","PTG_P2__2015-04-01__staple__PTJ","multiple"
"60","Port Gamble Bay - 2 - PNNL - large scale - E corner","PTG_P2__2015-04-01__staple__PTJ","multiple"
"61","Port Gamble Bay - 2 - PNNL - large scale - S corner","PTG_P2__2015-04-01__staple__PTJ","multiple"
"62","Port Gamble Bay - 2 - PNNL - large scale - W corner","PTG_P2__2015-04-01__staple__PTJ","multiple"
"63","Port Gamble Bay - 3 - PNNL -  large scale - NW corner","PTG_P3__2015-04-01__staple__PTJ","multiple"
"64","Port Gamble Bay - 3 - PNNL - large scale - NE corner","PTG_P3__2015-04-01__staple__PTJ","multiple"
"65","Port Gamble Bay - 3 - PNNL - large scale - SE corner","PTG_P3__2015-04-01__staple__PTJ","multiple"
"66","Port Gamble Bay - 3 - PNNL - large scale - SW corner","PTG_P3__2015-04-01__staple__PTJ","multiple"
"67","Port Gamble Bay - 4 - PNNL - large scale - NW corner","PTG_P4__2015-04-01__staple__PTJ","multiple"
"68","Port Gamble Bay - 4 - PNNL - large scale - NE corner","PTG_P4__2015-04-01__staple__PTJ","multiple"
"69","Port Gamble Bay - 4 - PNNL - large scale - SE corner","PTG_P4__2015-04-01__staple__PTJ","multiple"
"70","Port Gamble Bay - 4 - PNNL - large scale - SW corner","PTG_P4__2015-04-01__staple__PTJ","multiple"
"71","Taylor Bay North - HC - test - 2016","TAY_L1__2016-05-19__burlap__RKB","multiple"
"72","Taylor Bay South - HC - test - 2016","TAY_L1__2016-05-19__burlap__RKB","multiple"
"73","Zangle Cove - NW - PNNL - large - 2015","ZAN_P1__2015-05-04__staple__THC","multiple"
"74","Zangle Cove - NE - PNNL - large - 2015","ZAN_P1__2015-05-04__staple__THC","multiple"
"75","Zangle Cove - SE - PNNL - large - 2015","ZAN_P1__2015-05-04__staple__THC","multiple"
"76","Zangle Cove - SW - PNNL - large - 2015","ZAN_P1__2015-05-04__staple__THC","multiple"
