"","group_no","planting_location_code_summ","donor_site_code_summ","planting_method_summ","plantingID","planting_geometry","activity_type","planting_date","planting_location_code","planting_method","parallel_length_m","perpendicular_length_m","plot_area_m2","planted_area_m2","effecive_area_planted_m2","number_planting_units","number_shoots","plot_shoot_density_m2","planted_area_shoot_density_m2","donor_site_code","subproj_code"
"1",1,"AMS_shallow","THC","staple","AMS_shallow__2013-06-06__staple__THC","point","test",2013-06-06,"AMS_shallow","staple",6,6,36,36,0.9,180,720,20,20,"THC","twentypc__WDFW__PNNL"
"2",2,"AMS_deep","THC","staple","AMS_deep__2013-06-06__staple__THC","point","test",2013-06-06,"AMS_deep","staple",6,6,36,36,0.9,180,720,20,20,"THC","twentypc__WDFW__PNNL"
"3",3,"AND_west1","KTI","staple","AND_west1__2015-02-27__staple__KTI","point","test",2015-02-27,"AND_west1","staple",5,5,25,25,0.625,125,500,20,20,"KTI","zos_rest_ps__DNR__PNNL"
"4",4,"AND_west2","SPT","rebar","AND_west2__2016-09-20__rebar__SPT","point","test",2016-09-20,"AND_west2","rebar",2.5,2.5,6.25,5,0.5,20,500,80,100,"SPT","zos_rest_3_deltas__USACE__PNNL"
"5",5,"AND_south1","SPT","rebar","AND_south1__2016-09-20__rebar__SPT","point","test",2016-09-20,"AND_south1","rebar",2.5,2.5,6.25,5,0.5,20,500,80,100,"SPT","zos_rest_3_deltas__USACE__PNNL"
"6",6,"AND_west_L1","RKB","turf","AND_west_L1__2017-05-05__turf__RKB","line","test",2017-05-05,"AND_west_L1","turf",10,1,10,6,0.87,87,869,86.9,144.833333333333,"RKB","zos_rest_ps__WDFW__Hart Crowser"
"7",7,"AND_south_L1","RKB","turf","AND_south_L1__2017-05-05__turf__RKB","line","test",2017-05-05,"AND_south_L1","turf",10,1,10,6,0.87,87,869,86.9,144.833333333333,"RKB","zos_rest_ps__WDFW__Hart Crowser"
"8",8,"AND_south_L2","RKB","turf","AND_south_L2__2017-06-02__turf__RKB","polygon","large scale",2017-06-02,"AND_south_L2","turf",40,4,160,155,20.5,2050,20500,128.125,132.258064516129,"RKB","zos_rest_ps__WDFW__Hart Crowser"
"9",9,"AND_south_L3","RKB","turf","AND_south_L3__2017-06-04__turf__RKB","polygon","large scale",2017-06-04,"AND_south_L3","turf",40,4,160,160,24.83,2483,24830,155.1875,155.1875,"RKB","zos_rest_ps__WDFW__Hart Crowser"
"10",10,"AND_south_L4","THC","rebar","AND_south_L4__2017-08-08__rebar__THC","line","large scale",2017-08-08,"AND_south_L4","rebar",30,5,150,105.25,10.525,421,10525,70.1666666666667,100,"THC","zos_rest_3_deltas__USACE__PNNL"
"11",11,"AMS_deeper","AND","rebar","AMS_deeper__2020-06-30__rebar__AND","point","test",2020-06-30,"AMS_deeper","rebar",2.5,2.5,6.25,4.75,0.475,19,475,76,100,"AND","zos_rec_ps__USACE__PNNL"
"12",12,"AND_west3","AND","rebar","AND_west3__2020-07-01__rebar__AND","point","test",2020-07-01,"AND_west3","rebar",3,2.5,7.5,6.25,0.625,25,625,83.3333333333333,100,"AND","zos_rec_ps__USACE__PNNL"
"13",13,"AND_nw1","AND","rebar","AND_nw1__2020-06-30__rebar__AND","point","test",2020-06-30,"AND_nw1","rebar",2.5,2.5,6.25,5,0.5,20,500,80,100,"AND","zos_rec_ps__USACE__PNNL"
"14",14,"AND_west4","DPW","rebar","AND_west4__2021-06-22__rebar__DPW","point","test",2021-06-22,"AND_west4","rebar",3.5,0.5,1.75,2.25,0.225,9,135,77.1428571428571,60,"DPW","unaffiliated__unspecified__unspecified"
"15",15,"AND_west5","DPW","rebar","AND_west5__2021-06-25__rebar__DPW","point","test",2021-06-25,"AND_west5","rebar",3.5,0.5,1.75,2.25,0.225,9,135,77.1428571428571,60,"DPW","unaffiliated__unspecified__unspecified"
"16",16,"AND_west6","DPW","rebar","AND_west6__2021-06-25__rebar__DPW","point","test",2021-06-25,"AND_west6","rebar",3.5,0.5,1.75,2.25,0.225,9,135,77.1428571428571,60,"DPW","unaffiliated__unspecified__unspecified"
"17",17,"AND_se1","DPW","rebar","AND_se1__2023-06-05__rebar__DPW","point","test",2023-06-05,"AND_se1","rebar",1.5,0.5,0.75,2.25,0.225,9,150,200,66.6666666666667,"DPW","unaffiliated__unspecified__unspecified"
"18",18,"BB_test_1","DMB","rebar","BB_test_1__2020-08-02__rebar__DMB","line","test",2020-08-02,"BB_test_1","rebar",14,1,14,4,0.4,16,320,22.8571428571429,80,"DMB","zos_rec_sji__DNR__unspecified"
"19",19,"BB_test_1","FYB","rebar","BB_test_1__2020-08-02__rebar__FYB","line","test",2020-08-02,"BB_test_1","rebar",14,1,14,0.75,0.075,3,60,4.28571428571429,80,"FYB","zos_rec_sji__DNR__unspecified"
"20",20,"BB_test_1","HRI","rebar","BB_test_1__2020-08-02__rebar__HRI","line","test",2020-08-02,"BB_test_1","rebar",14,1,14,2.25,0.225,9,135,9.64285714285714,60,"HRI","zos_rec_sji__DNR__unspecified"
"21",21,"BB_test_1","SHH","rebar","BB_test_1__2020-08-02__rebar__SHH","line","test",2020-08-02,"BB_test_1","rebar",14,1,14,3.75,0.375,15,210,15,56,"SHH","zos_rec_sji__DNR__unspecified"
"22",22,"BB_test_1","Mix","rebar","BB_test_1__2020-08-02__rebar__Mix","line","test",2020-08-02,"BB_test_1","rebar",14,1,14,1.75,0.175,7,175,12.5,100,"Mix","zos_rec_sji__DNR__unspecified"
"23",23,"CHC","CPT","staple","CHC__2015-02-18__staple__CPT","point","test",2015-02-18,"CHC","staple",5,5,25,25,0.625,125,500,20,20,"CPT","zos_rest_ps__DNR__PNNL"
"24",24,"COM_shallow","CPT","rebar","COM_shallow__2017-08-31__rebar__CPT","point","test",2017-08-31,"COM_shallow","rebar",2.5,2.5,6.25,5,0.5,20,500,80,100,"CPT","zos_rec_ps__USFWS__PNNL"
"25",25,"COM_deep","CPT","rebar","COM_deep__2017-08-31__rebar__CPT","point","test",2017-08-31,"COM_deep","rebar",2.5,2.5,6.25,5,0.5,20,500,80,100,"CPT","zos_rec_ps__USFWS__PNNL"
"26",26,"COM_L1","DMB","rebar","COM_L1__2018-06-26__rebar__DMB","line","large scale",2018-06-26,"COM_L1","rebar",19,10,190,108.25,10.825,433,10825,56.9736842105263,100,"DMB","zos_rec_ps__USFWS__PNNL"
"27",27,"COM_L2","DMB","rebar","COM_L2__2019-06-09__rebar__DMB","line","large scale",2019-06-09,"COM_L2","rebar",27,10,270,164,16.4,656,16400,60.7407407407407,100,"DMB","zos_rec_ps__USACE__PNNL"
"28",28,"DEL_1","KTI","staple","DEL_1__2015-02-26__staple__KTI","point","test",2015-02-26,"DEL_1","staple",5,5,25,25,0.625,125,500,20,20,"KTI","zos_rest_ps__DNR__PNNL"
"29",29,"DEL_L1","CTI","burlap","DEL_L1__2016-04-21__burlap__CTI","line","test",2016-04-21,"DEL_L1","burlap",25,5,125,75,9.75,156,780,6.24,10.4,"CTI","zos_rest_ps__WDFW__Hart Crowser"
"30",30,"DEL_P1","CTI","burlap","DEL_P1__2016-06-14__burlap__CTI","polygon","large scale",2016-06-14,"DEL_P1","burlap",35,6,210,50.4,78.75,1260,20850,99.2857142857143,413.690476190476,"CTI","zos_rest_ps__WDFW__Hart Crowser"
"31",31,"DEL_3","CTI","turf","DEL_3__2017-07-17__turf__CTI","point","test",2017-07-17,"DEL_3","turf",10,1,10,6,1.67,167,1172,117.2,195.333333333333,"CTI","zos_rest_ps__WDFW__Hart Crowser"
"32",32,"DEL_2","CTI","turf","DEL_2__2017-07-17__turf__CTI","point","test",2017-07-17,"DEL_2","turf",10,1,10,6,1.45,145,1015,101.5,169.166666666667,"CTI","zos_rest_ps__WDFW__Hart Crowser"
"33",33,"DEL_1","DPW","rebar","DEL_1__2018-06-28__rebar__DPW","point","test",2018-06-28,"DEL_1","rebar",5,0.5,2.5,2.75,0.275,11,275,110,100,"DPW","dnr__DNR__unspecified"
"34",34,"DEL_3","DPW","rebar","DEL_3__2018-06-28__rebar__DPW","point","test",2018-06-28,"DEL_3","rebar",5,0.5,2.5,2.25,0.225,9,225,90,100,"DPW","dnr__DNR__unspecified"
"35",35,"DEL_east_1","AND","rebar","DEL_east_1__2020-07-01__rebar__AND","point","test",2020-07-01,"DEL_east_1","rebar",2.5,2.5,6.25,6.25,0.625,25,625,100,100,"AND","zos_rec_ps__USACE__PNNL"
"36",36,"DEL_west_1","AND","rebar","DEL_west_1__2020-07-01__rebar__AND","point","test",2020-07-01,"DEL_west_1","rebar",3,2.5,7.5,6.75,0.675,27,692,92.2666666666667,102.518518518519,"AND","zos_rec_ps__USACE__PNNL"
"37",37,"DEL_L","GPT","rebar","DEL_L__2021-06-03__rebar__GPT","point","large scale",2021-06-03,"DEL_L","rebar",50,5,250,149.25,14.925,597,12305,49.22,82.4455611390285,"GPT","zos_rec_ps__USACE__PNNL"
"38",38,"DEL_west_shallow_1","DPW","rebar","DEL_west_shallow_1__2021-06-23__rebar__DPW","point","test",2021-06-23,"DEL_west_shallow_1","rebar",1.5,1,1.5,4.5,0.45,18,270,180,60,"DPW","dnr__DNR__unspecified"
"39",39,"DEL_west_deep_1","DPW","rebar","DEL_west_deep_1__2021-06-23__rebar__DPW","point","test",2021-06-23,"DEL_west_deep_1","rebar",1,1,1,3,0.3,12,180,180,60,"DPW","dnr__DNR__unspecified"
"40",40,"DB_test_1","DMB","rebar","DB_test_1__2020-07-06__rebar__DMB","point","test",2020-07-06,"DB_test_1","rebar",3.5,3.5,12.25,1.5,0.45,18,300,24.4897959183673,200,"DMB","kingco__KingCounty__unspecified"
"41",41,"DB_test_2","DMB","rebar","DB_test_2__2021-04-28__rebar__DMB","point","test",2021-04-28,"DB_test_2","rebar",3.5,3.5,12.25,1,0.3,12,300,24.4897959183673,300,"DMB","kingco__KingCounty__unspecified"
"42",42,"DB_test_2","DPW","rebar","DB_test_2__2021-05-13__rebar__DPW","point","test",2021-05-13,"DB_test_2","rebar",3.5,0.5,1.75,0.75,0.225,9,180,102.857142857143,240,"DPW","kingco__KingCounty__unspecified"
"43",43,"DB_test_2","DPW","rebar","DB_test_2__2021-05-26__rebar__DPW","point","test",2021-05-26,"DB_test_2","rebar",3.5,0.5,1.75,0.75,0.225,9,180,102.857142857143,240,"DPW","kingco__KingCounty__unspecified"
"44",44,"DB_test_2","DPW","rebar","DB_test_2__2021-06-26__rebar__DPW","point","test",2021-06-26,"DB_test_2","rebar",3.5,2,7,1.5,0.45,18,270,38.5714285714286,180,"DPW","kingco__KingCounty__unspecified"
"45",45,"DB_test_6","DPW","rebar","DB_test_6__2022-06-16__rebar__DPW","point","test",2022-06-16,"DB_test_6","rebar",10,1,10,5,1.5,60,720,72,144,"DPW","kingco__KingCounty__unspecified"
"46",46,"DB_test_7","DPW","rebar","DB_test_7__2022-05-19__rebar__DPW","point","test",2022-05-19,"DB_test_7","rebar",3,0.5,1.5,5,0.5,20,400,266.666666666667,80,"DPW","kingco__KingCounty__unspecified"
"47",47,"ELD_shallow","WNB","staple","ELD_shallow__2015-03-12__staple__WNB","point","test",2015-03-12,"ELD_shallow","staple",5,5,25,25,0.625,125,500,20,20,"WNB","zos_rest_ps__DNR__PNNL"
"48",48,"ELD_deep","WNB","staple","ELD_deep__2015-03-12__staple__WNB","point","test",2015-03-12,"ELD_deep","staple",5,5,25,25,0.625,125,500,20,20,"WNB","zos_rest_ps__DNR__PNNL"
"49",49,"ELD","AND","rebar","ELD__2020-07-01__rebar__AND","point","test",2020-07-01,"ELD","rebar",3,2.5,7.5,6.25,0.625,25,625,83.3333333333333,100,"AND","zos_rec_ps__USACE__PNNL"
"50",50,"ELW_deep_west","FWB","rebar","ELW_deep_west__2016-08-11__rebar__FWB","point","test",2016-08-11,"ELW_deep_west","rebar",2,2,4,5,0.5,20,500,125,100,"FWB","zos_rest_3_deltas__USACE__PNNL"
"51",51,"ELW_shallow_west","FWB","rebar","ELW_shallow_west__2016-08-11__rebar__FWB","point","test",2016-08-11,"ELW_shallow_west","rebar",2,2,4,5.5,0.55,22,550,137.5,100,"FWB","zos_rest_3_deltas__USACE__PNNL"
"52",52,"FDG_1","RKB","rebar","FDG_1__2017-07-19__rebar__RKB","point","test",2017-07-19,"FDG_1","rebar",1,1,1,1.25,0.125,5,250,250,200,"RKB","dnr__DNR__unspecified"
"53",53,"FDG_L1","RKB","turf","FDG_L1__2017-07-19__turf__RKB","line","test",2017-07-19,"FDG_L1","turf",10,1,10,6,1.06,106,1056,105.6,176,"RKB","zos_rest_ps__WDFW__Hart Crowser"
"54",54,"FDG_L2","RKB","turf","FDG_L2__2017-07-19__turf__RKB","line","test",2017-07-19,"FDG_L2","turf",10,1,10,6,1.16,116,1160,116,193.333333333333,"RKB","zos_rest_ps__WDFW__Hart Crowser"
"55",55,"FDG_L1","DPW","rebar","FDG_L1__2018-06-12__rebar__DPW","line","test",2018-06-12,"FDG_L1","rebar",10,0.5,5,2.25,0.225,9,225,45,100,"DPW","dnr__DNR__unspecified"
"56",56,"FDG_L2","DPW","rebar","FDG_L2__2018-06-12__rebar__DPW","line","test",2018-06-12,"FDG_L2","rebar",10,0.5,5,2.25,0.225,9,225,45,100,"DPW","dnr__DNR__unspecified"
"57",57,"GRA_1","WNB","staple","GRA_1__2015-03-12__staple__WNB","point","test",2015-03-12,"GRA_1","staple",5,5,25,25,0.625,125,500,20,20,"WNB","zos_rest_ps__DNR__PNNL"
"58",58,"GRA_2","DPW","rebar","GRA_2__2016-07-21__rebar__DPW","point","test",2016-07-21,"GRA_2","rebar",0.25,9,2.25,12.5625,1.25625,50.25,201,89.3333333333333,16,"DPW","dnr__DNR__unspecified"
"59",59,"HAR_2","WNB","rebar","HAR_2__2017-06-07__rebar__WNB","point","test",2017-06-07,"HAR_2","rebar",3,2,6,5,0.5,20,1000,166.666666666667,200,"WNB","zos_rec_ps__USFWS__PNNL"
"60",60,"HAR_3","WNB","rebar","HAR_3__2017-06-07__rebar__WNB","point","test",2017-06-07,"HAR_3","rebar",3,2,6,5,0.5,20,1000,166.666666666667,200,"WNB","zos_rec_ps__USFWS__PNNL"
"61",61,"HAR_4","WNB","staple","HAR_4__2017-06-07__staple__WNB","point","test",2017-06-07,"HAR_4","staple",2.5,2,5,5,0.5,100,800,160,160,"WNB","zos_rec_ps__USFWS__PNNL"
"62",62,"HAR_4","WNB","rebar","HAR_4__2017-06-07__rebar__WNB","point","test",2017-06-07,"HAR_4","rebar",3,2,6,5,0.5,20,1000,166.666666666667,200,"WNB","zos_rec_ps__USFWS__PNNL"
"63",63,"HAR_1","WNB","rebar","HAR_1__2017-06-07__rebar__WNB","point","test",2017-06-07,"HAR_1","rebar",3,2,6,5,0.5,20,1000,166.666666666667,200,"WNB","zos_rec_ps__USFWS__PNNL"
"64",64,"HAR_deep_L1","RPT","rebar","HAR_deep_L1__2018-05-15__rebar__RPT","line","large scale",2018-05-15,"HAR_deep_L1","rebar",42,5,210,138,13.8,552,13800,65.7142857142857,100,"RPT","zos_rec_ps__USFWS__PNNL"
"65",65,"HAR_shallow_L1","WNB","rebar","HAR_shallow_L1__2018-06-14__rebar__WNB","line","large scale",2018-06-14,"HAR_shallow_L1","rebar",31,5,155,97,9.7,388,9688,62.5032258064516,99.8762886597938,"WNB","zos_rest_3_deltas__USACE__PNNL"
"66",66,"HAR_shallow_L2","Mix","rebar","HAR_shallow_L2__2019-05-14__rebar__Mix","line","large scale",2019-05-14,"HAR_shallow_L2","rebar",39,6,234,136.75,13.675,547,13320,56.9230769230769,97.4040219378428,"Mix","zos_rec_ps__USFWS__PNNL"
"67",67,"HAR_shallow_L3","Mix","rebar","HAR_shallow_L3__2020-06-01__rebar__Mix","line","large scale",2020-06-01,"HAR_shallow_L3","rebar",32,6,192,118.5,11.85,474,11390,59.3229166666667,96.1181434599156,"Mix","zos_rec_ps__USFWS__PNNL"
"68",68,"HAR_5","RKB","rebar","HAR_5__2020-06-29__rebar__RKB","point","test",2020-06-29,"HAR_5","rebar",2.5,2.5,6.25,5,0.5,20,500,80,100,"RKB","zos_rec_ps__USACE__PNNL"
"69",69,"HAR_6","RKB","rebar","HAR_6__2020-06-29__rebar__RKB","point","test",2020-06-29,"HAR_6","rebar",2.5,2.5,6.25,5,0.5,20,500,80,100,"RKB","zos_rec_ps__USACE__PNNL"
"70",70,"HRI","WNB","staple","HRI__2015-03-12__staple__WNB","point","test",2015-03-12,"HRI","staple",5,5,25,25,0.625,125,500,20,20,"WNB","zos_rest_ps__DNR__PNNL"
"71",71,"HPT_south_1","THC","staple","HPT_south_1__2015-05-18__staple__THC","point","test",2015-05-18,"HPT_south_1","staple",5,5,25,25,0.625,125,500,20,20,"THC","zos_rest_ps__DNR__PNNL"
"72",72,"HPT_north_2","THC","staple","HPT_north_2__2015-05-18__staple__THC","point","test",2015-05-18,"HPT_north_2","staple",5,5,25,25,0.625,125,500,20,20,"THC","zos_rest_ps__DNR__PNNL"
"73",73,"HPT_south_2","RKB","rebar","HPT_south_2__2020-06-29__rebar__RKB","point","test",2020-06-29,"HPT_south_2","rebar",2.5,2.5,6.25,5,0.5,20,500,80,100,"RKB","zos_rec_ps__USACE__PNNL"
"74",74,"HPT_north_2","RKB","rebar","HPT_north_2__2020-06-29__rebar__RKB","point","test",2020-06-29,"HPT_north_2","rebar",3,2.5,7.5,6,0.6,24,600,80,100,"RKB","zos_rec_ps__USACE__PNNL"
"75",75,"JSP_mid_shallow","Mix","staple","JSP_mid_shallow__2013-06-05__staple__Mix","point","test",2013-06-05,"JSP_mid_shallow","staple",6,6,36,36,0.89,178,712,19.7777777777778,19.7777777777778,"Mix","twentypc__WDFW__PNNL"
"76",76,"JSP_mid_deep","Mix","staple","JSP_mid_deep__2013-06-05__staple__Mix","point","test",2013-06-05,"JSP_mid_deep","staple",6,6,36,36,0.89,178,712,19.7777777777778,19.7777777777778,"Mix","twentypc__WDFW__PNNL"
"77",77,"JSP_mid_south_P1","Mix","staple","JSP_mid_south_P1__2015-05-17__staple__Mix","polygon","large scale",2015-05-17,"JSP_mid_south_P1","staple",50,40,2000,126.25,12.75,2550,10200,5.1,80.7920792079208,"Mix","zos_rest_ps__DNR__PNNL"
"78",78,"JSP_mid_north_P1","Mix","staple","JSP_mid_north_P1__2015-06-07__staple__Mix","polygon","large scale",2015-06-07,"JSP_mid_north_P1","staple",60,40,2400,151.25,15,3000,12000,5,79.3388429752066,"Mix","zos_rest_ps__DNR__PNNL"
"79",79,"JSP_southeast","Mix","staple","JSP_southeast__2015-06-09__staple__Mix","point","test",2015-06-09,"JSP_southeast","staple",5,5,25,25,0.625,125,500,20,20,"Mix","zos_rest_ps__DNR__PNNL"
"80",80,"JSP_north","RKB","burlap","JSP_north__2016-05-17__burlap__RKB","line","test",2016-05-17,"JSP_north","burlap",25,5,125,75,9.75,156,780,6.24,10.4,"RKB","zos_rest_ps__WDFW__Hart Crowser"
"81",81,"JSP_south_P1","RKB","burlap","JSP_south_P1__2016-07-25__burlap__RKB","polygon","large scale",2016-07-25,"JSP_south_P1","burlap",20,8,160,60,60,960,20260,126.625,337.666666666667,"RKB","zos_rest_ps__WDFW__Hart Crowser"
"82",82,"JSP_chia_1","DPW","rebar","JSP_chia_1__2016-05-24__rebar__DPW","point","test",2016-05-24,"JSP_chia_1","rebar",9,0.25,2.25,0.56,0.225,9,360,160,642.857142857143,"DPW","dnr__DNR__unspecified"
"83",83,"JSP_north_L1","RKB","turf","JSP_north_L1__2017-05-04__turf__RKB","line","test",2017-05-04,"JSP_north_L1","turf",5,5,25,39,1.04,104,1042,41.68,26.7179487179487,"RKB","zos_rest_ps__WDFW__Hart Crowser"
"84",84,"JSP_north_L2","RKB","turf","JSP_north_L2__2017-05-04__turf__RKB","line","test",2017-05-04,"JSP_north_L2","turf",5,5,25,39,1.05,105,1052,42.08,26.974358974359,"RKB","zos_rest_ps__WDFW__Hart Crowser"
"85",85,"JSP_south_P2","CTI","turf","JSP_south_P2__2017-05-07__turf__CTI","polygon","large scale",2017-05-07,"JSP_south_P2","turf",20,8,160,80,23.67,2367,16570,103.5625,207.125,"CTI","zos_rest_ps__WDFW__Hart Crowser"
"86",86,"JSP_south_P3","DPW","turf","JSP_south_P3__2017-05-19__turf__DPW","polygon","large scale",2017-05-19,"JSP_south_P3","turf",20,8,160,77.5,29.56,2956,24734,154.5875,319.148387096774,"DPW","zos_rest_ps__WDFW__Hart Crowser"
"87",87,"JSP_south_P4","RKB","turf","JSP_south_P4__2017-05-22__turf__RKB","polygon","large scale",2017-05-22,"JSP_south_P4","turf",20,8,160,80,26.15,2615,26149,163.43125,326.8625,"RKB","zos_rest_ps__WDFW__Hart Crowser"
"88",88,"JSP_mid_AG1","DPW","staple","JSP_mid_AG1__2017-05-25__staple__DPW","point","test",2017-05-25,"JSP_mid_AG1","staple",1,1,1,0.008,0.015,3,12,12,1500,"DPW","bese__DNR__unspecified"
"89",89,"JSP_mid_BG1","DPW","staple","JSP_mid_BG1__2017-05-25__staple__DPW","point","test",2017-05-25,"JSP_mid_BG1","staple",1,1,1,0.008,0.015,3,12,12,1500,"DPW","bese__DNR__unspecified"
"90",90,"JSP_mid_C1","DPW","staple","JSP_mid_C1__2017-05-25__staple__DPW","point","test",2017-05-25,"JSP_mid_C1","staple",1,1,1,0.008,0.015,3,12,12,1500,"DPW","bese__DNR__unspecified"
"91",91,"JSP_mid_AG2","DPW","staple","JSP_mid_AG2__2017-05-25__staple__DPW","point","test",2017-05-25,"JSP_mid_AG2","staple",1,1,1,0.008,0.015,3,12,12,1500,"DPW","bese__DNR__unspecified"
"92",92,"JSP_mid_C2","DPW","staple","JSP_mid_C2__2017-05-25__staple__DPW","point","test",2017-05-25,"JSP_mid_C2","staple",1,1,1,0.008,0.015,3,12,12,1500,"DPW","bese__DNR__unspecified"
"93",93,"JSP_mid_BG2","DPW","staple","JSP_mid_BG2__2017-05-25__staple__DPW","point","test",2017-05-25,"JSP_mid_BG2","staple",1,1,1,0.008,0.015,3,12,12,1500,"DPW","bese__DNR__unspecified"
"94",94,"JSP_mid_C3","DPW","staple","JSP_mid_C3__2017-05-25__staple__DPW","point","test",2017-05-25,"JSP_mid_C3","staple",1,1,1,0.008,0.015,3,12,12,1500,"DPW","bese__DNR__unspecified"
"95",95,"JSP_mid_BG3","DPW","staple","JSP_mid_BG3__2017-05-25__staple__DPW","point","test",2017-05-25,"JSP_mid_BG3","staple",1,1,1,0.008,0.015,3,12,12,1500,"DPW","bese__DNR__unspecified"
"96",96,"JSP_mid_C4","DPW","staple","JSP_mid_C4__2017-05-25__staple__DPW","point","test",2017-05-25,"JSP_mid_C4","staple",1,1,1,0.008,0.015,3,12,12,1500,"DPW","bese__DNR__unspecified"
"97",97,"JSP_mid_BG4","DPW","staple","JSP_mid_BG4__2017-05-25__staple__DPW","point","test",2017-05-25,"JSP_mid_BG4","staple",1,1,1,0.008,0.015,3,12,12,1500,"DPW","bese__DNR__unspecified"
"98",98,"JSP_mid_AG3","DPW","staple","JSP_mid_AG3__2017-05-25__staple__DPW","point","test",2017-05-25,"JSP_mid_AG3","staple",1,1,1,0.008,0.015,3,12,12,1500,"DPW","bese__DNR__unspecified"
"99",99,"JSP_mid_AG4","DPW","staple","JSP_mid_AG4__2017-05-25__staple__DPW","point","test",2017-05-25,"JSP_mid_AG4","staple",1,1,1,0.008,0.015,3,12,12,1500,"DPW","bese__DNR__unspecified"
"100",100,"JSP_north_P1","DPW","burlap","JSP_north_P1__2017-05-26__burlap__DPW","grid","test",2017-05-26,"JSP_north_P1","burlap",10,4,40,1.25,0.1875,3,90,2.25,72,"DPW","zos_rest_methods__DNR__unspecified"
"101",101,"JSP_north_P1","DPW","washer","JSP_north_P1__2017-05-26__washer__DPW","grid","test",2017-05-26,"JSP_north_P1","washer",10,4,40,1.25,0.0225,9,90,2.25,72,"DPW","zos_rest_methods__DNR__unspecified"
"102",102,"JSP_north_P1","DPW","staple","JSP_north_P1__2017-05-26__staple__DPW","grid","test",2017-05-26,"JSP_north_P1","staple",10,4,40,1.25,0.045,9,90,2.25,72,"DPW","zos_rest_methods__DNR__unspecified"
"103",103,"JSP_north_P1","DPW","rebar","JSP_north_P1__2017-05-26__rebar__DPW","grid","test",2017-05-26,"JSP_north_P1","rebar",10,4,40,1.25,0.075,3,90,2.25,72,"DPW","zos_rest_methods__DNR__unspecified"
"104",104,"JSP_mid_P1","DPW","burlap","JSP_mid_P1__2017-05-26__burlap__DPW","grid","test",2017-05-26,"JSP_mid_P1","burlap",10,4,40,1.25,0.1875,3,90,2.25,72,"DPW","zos_rest_methods__DNR__unspecified"
"105",105,"JSP_mid_P1","DPW","washer","JSP_mid_P1__2017-05-26__washer__DPW","grid","test",2017-05-26,"JSP_mid_P1","washer",10,4,40,1.25,0.0225,9,90,2.25,72,"DPW","zos_rest_methods__DNR__unspecified"
"106",106,"JSP_mid_P1","DPW","staple","JSP_mid_P1__2017-05-26__staple__DPW","grid","test",2017-05-26,"JSP_mid_P1","staple",10,4,40,1.25,0.045,9,90,2.25,72,"DPW","zos_rest_methods__DNR__unspecified"
"107",107,"JSP_mid_P1","DPW","rebar","JSP_mid_P1__2017-05-26__rebar__DPW","grid","test",2017-05-26,"JSP_mid_P1","rebar",10,4,40,1.25,0.075,3,90,2.25,72,"DPW","zos_rest_methods__DNR__unspecified"
"108",108,"JSP_south_P5","DPW","burlap","JSP_south_P5__2017-05-26__burlap__DPW","grid","test",2017-05-26,"JSP_south_P5","burlap",10,4,40,1.25,0.1875,3,90,2.25,72,"DPW","zos_rest_methods__DNR__unspecified"
"109",109,"JSP_south_P5","DPW","washer","JSP_south_P5__2017-05-26__washer__DPW","grid","test",2017-05-26,"JSP_south_P5","washer",10,4,40,1.25,0.0225,9,90,2.25,72,"DPW","zos_rest_methods__DNR__unspecified"
"110",110,"JSP_south_P5","DPW","staple","JSP_south_P5__2017-05-26__staple__DPW","grid","test",2017-05-26,"JSP_south_P5","staple",10,4,40,1.25,0.045,9,90,2.25,72,"DPW","zos_rest_methods__DNR__unspecified"
"111",111,"JSP_south_P5","DPW","rebar","JSP_south_P5__2017-05-26__rebar__DPW","grid","test",2017-05-26,"JSP_south_P5","rebar",10,4,40,1.25,0.075,3,90,2.25,72,"DPW","zos_rest_methods__DNR__unspecified"
"112",112,"JSP_mid_south_2","DPW","rebar","JSP_mid_south_2__2017-05-28__rebar__DPW_r1","point","test",2017-05-28,"JSP_mid_south_2","rebar",4,0.25,1,1,0.1,4,80,80,80,"DPW","dnr__DNR__unspecified"
"113",113,"JSP_mid_south_2","DPW","rebar","JSP_mid_south_2__2017-05-28__rebar__DPW_r2","point","test",2017-05-28,"JSP_mid_south_2","rebar",4,0.25,1,1,0.1,4,100,100,100,"DPW","dnr__DNR__unspecified"
"114",114,"JSP_mid_south_2","DPW","rebar","JSP_mid_south_2__2017-05-28__rebar__DPW_r3","point","test",2017-05-28,"JSP_mid_south_2","rebar",2,0.25,0.5,0.5,0.05,2,50,100,100,"DPW","dnr__DNR__unspecified"
"115",115,"JSP_mid_south_2","DPW","burlap","JSP_mid_south_2__2017-05-28__burlap__DPW","point","test",2017-05-28,"JSP_mid_south_2","burlap",2,0.25,0.5,0.5,0.125,2,50,100,100,"DPW","dnr__DNR__unspecified"
"116",116,"JSP_mid_AG1","DMB","staple","JSP_mid_AG1__2017-04-29__staple__DMB","point","test",2017-04-29,"JSP_mid_AG1","staple",1,1,1,0.008,0.015,3,12,12,1500,"DMB","dnr__DNR__unspecified"
"117",117,"JSP_mid_BG1","DMB","staple","JSP_mid_BG1__2017-04-29__staple__DMB","point","test",2017-04-29,"JSP_mid_BG1","staple",1,1,1,0.008,0.015,3,12,12,1500,"DMB","dnr__DNR__unspecified"
"118",118,"JSP_mid_C1","DMB","staple","JSP_mid_C1__2017-04-29__staple__DMB","point","test",2017-04-29,"JSP_mid_C1","staple",1,1,1,0.008,0.015,3,12,12,1500,"DMB","dnr__DNR__unspecified"
"119",119,"JSP_mid_AG2","DMB","staple","JSP_mid_AG2__2017-04-29__staple__DMB","point","test",2017-04-29,"JSP_mid_AG2","staple",1,1,1,0.008,0.015,3,12,12,1500,"DMB","dnr__DNR__unspecified"
"120",120,"JSP_mid_C2","DMB","staple","JSP_mid_C2__2017-04-29__staple__DMB","point","test",2017-04-29,"JSP_mid_C2","staple",1,1,1,0.008,0.015,3,12,12,1500,"DMB","dnr__DNR__unspecified"
"121",121,"JSP_mid_BG2","DMB","staple","JSP_mid_BG2__2017-04-29__staple__DMB","point","test",2017-04-29,"JSP_mid_BG2","staple",1,1,1,0.008,0.015,3,12,12,1500,"DMB","dnr__DNR__unspecified"
"122",122,"JSP_mid_C3","DMB","staple","JSP_mid_C3__2017-04-29__staple__DMB","point","test",2017-04-29,"JSP_mid_C3","staple",1,1,1,0.008,0.015,3,12,12,1500,"DMB","dnr__DNR__unspecified"
"123",123,"JSP_mid_BG3","DMB","staple","JSP_mid_BG3__2017-04-29__staple__DMB","point","test",2017-04-29,"JSP_mid_BG3","staple",1,1,1,0.008,0.015,3,12,12,1500,"DMB","dnr__DNR__unspecified"
"124",124,"JSP_mid_C4","DMB","staple","JSP_mid_C4__2017-04-29__staple__DMB","point","test",2017-04-29,"JSP_mid_C4","staple",1,1,1,0.008,0.015,3,12,12,1500,"DMB","dnr__DNR__unspecified"
"125",125,"JSP_mid_BG4","DMB","staple","JSP_mid_BG4__2017-04-29__staple__DMB","point","test",2017-04-29,"JSP_mid_BG4","staple",1,1,1,0.008,0.015,3,12,12,1500,"DMB","dnr__DNR__unspecified"
"126",126,"JSP_mid_AG3","DMB","staple","JSP_mid_AG3__2017-04-29__staple__DMB","point","test",2017-04-29,"JSP_mid_AG3","staple",1,1,1,0.008,0.015,3,12,12,1500,"DMB","dnr__DNR__unspecified"
"127",127,"JSP_mid_AG4","DMB","staple","JSP_mid_AG4__2017-04-29__staple__DMB","point","test",2017-04-29,"JSP_mid_AG4","staple",1,1,1,0.008,0.015,3,12,12,1500,"DMB","dnr__DNR__unspecified"
"128",128,"JSP_mid_south_2","DPW","rebar","JSP_mid_south_2__2018-06-13__rebar__DPW","point","test",2018-06-13,"JSP_mid_south_2","rebar",4,0.25,1,0.25,0.1,4,100,100,400,"DPW","dnr__DNR__unspecified"
"129",129,"JSP_mid_south_1","DPW","rebar","JSP_mid_south_1__2018-06-13__rebar__DPW","point","test",2018-06-13,"JSP_mid_south_1","rebar",3,0.25,0.75,0.25,0.075,3,75,100,300,"DPW","dnr__DNR__unspecified"
"130",130,"JSP_mid_1","DPW","rebar","JSP_mid_1__2018-07-14__rebar__DPW","point","test",2018-07-14,"JSP_mid_1","rebar",0.5,0.5,0.25,0.25,0.075,3,63,252,252,"DPW","dnr__DNR__unspecified"
"131",131,"JSP_mid_1","DPW","pucks","JSP_mid_1__2018-07-14__pucks__DPW","point","test",2018-07-14,"JSP_mid_1","pucks",0.5,0.5,0.25,0.25,0.07065,9,63,252,252,"DPW","dnr__DNR__unspecified"
"132",132,"JSP_mid_2","DPW","pucks","JSP_mid_2__2018-07-14__pucks__DPW","point","test",2018-07-14,"JSP_mid_2","pucks",0.5,0.5,0.25,0.25,0.07065,9,63,252,252,"DPW","dnr__DNR__unspecified"
"133",133,"JSP_mid_2","DPW","rebar","JSP_mid_2__2018-07-14__rebar__DPW","point","test",2018-07-14,"JSP_mid_2","rebar",0.5,0.5,0.25,0.25,0.075,3,63,252,252,"DPW","dnr__DNR__unspecified"
"134",134,"JSP_mid_3","DPW","rebar","JSP_mid_3__2018-07-14__rebar__DPW","point","test",2018-07-14,"JSP_mid_3","rebar",0.5,0.5,0.25,0.25,0.075,3,63,252,252,"DPW","dnr__DNR__unspecified"
"135",135,"JSP_mid_3","DPW","pucks","JSP_mid_3__2018-07-14__pucks__DPW","point","test",2018-07-14,"JSP_mid_3","pucks",0.5,0.5,0.25,0.25,0.07065,9,63,252,252,"DPW","dnr__DNR__unspecified"
"136",136,"JSP_mid_4","DMB","rebar","JSP_mid_4__2020-07-06__rebar__DMB","point","test",2020-07-06,"JSP_mid_4","rebar",8,0.5,4,1,0.3,12,240,60,240,"DMB","dnr__DNR__unspecified"
"137",137,"WHB_test_1","RKB","rebar","WHB_test_1__2020-06-29__rebar__RKB","point","test",2020-06-29,"WHB_test_1","rebar",2.5,2.5,6.25,5,0.5,20,500,80,100,"RKB","zos_rec_ps__USACE__PNNL"
"138",138,"JSP_south_test","DPW","rebar","JSP_south_test__2021-06-25__rebar__DPW","point","test",2021-06-25,"JSP_south_test","rebar",3.5,0.5,1.75,2.25,0.225,9,135,77.1428571428571,60,"DPW","dnr__DNR__unspecified"
"139",139,"JSP_mid_connect","DPW","rebar","JSP_mid_connect__2022-06-17__rebar__DPW","point","test",2022-06-17,"JSP_mid_connect","rebar",2.5,0.5,1.25,1.75,0.375,15,180,144,102.857142857143,"DPW","dnr__DNR__unspecified"
"140",140,"HC_off_1","DPW","rebar","HC_off_1__2022-06-17__rebar__DPW","point","test",2022-06-17,"HC_off_1","rebar",1,0.5,0.5,0.25,0.15,6,48,96,192,"DPW","dnr__DNR__unspecified"
"141",141,"HC_off_2","DPW","rebar","HC_off_2__2025-07-10__rebar__DPW","point","test",2025-07-10,"HC_off_2","rebar",32,0.5,16,16,0.8,32,700,43.75,43.75,"DPW","dnr__DNR__unspecified"
"142",142,"KYP_dog1","AND","rebar","KYP_dog1__2020-06-30__rebar__AND","point","test",2020-06-30,"KYP_dog1","rebar",2.5,2.5,6.25,4.75,0.15,19,475,76,100,"AND","zos_rec_ps__USACE__PNNL"
"143",143,"LBT_east","SNH","staple","LBT_east__2013-06-07__staple__SNH","point","test",2013-06-07,"LBT_east","staple",6,6,36,36,0.9,180,720,20,20,"SNH","twentypc__WDFW__PNNL"
"144",144,"LBT_west","SNH","staple","LBT_west__2013-06-07__staple__SNH","point","test",2013-06-07,"LBT_west","staple",5,6,30,30,0.75,150,600,20,20,"SNH","twentypc__WDFW__PNNL"
"145",145,"MCD_south_L1","RKB","turf","MCD_south_L1__2017-05-04__turf__RKB","line","test",2017-05-04,"MCD_south_L1","turf",5,5,25,39,0.99,99,998,39.92,25.5897435897436,"RKB","zos_rest_ps__WDFW__Hart Crowser"
"146",146,"MCD_north_L1","RKB","turf","MCD_north_L1__2017-05-04__turf__RKB","line","test",2017-05-04,"MCD_north_L1","turf",5,5,25,39,0.99,99,994,39.76,25.4871794871795,"RKB","zos_rest_ps__WDFW__Hart Crowser"
"147",147,"MCD_1","AND","rebar","MCD_1__2020-06-30__rebar__AND","point","test",2020-06-30,"MCD_1","rebar",2.5,2.5,6.25,5,0.15,20,500,80,100,"AND","zos_rec_ps__USACE__PNNL"
"148",148,"MCN_north","KTI","staple","MCN_north__2015-02-26__staple__KTI","point","test",2015-02-26,"MCN_north","staple",5,5,25,25,0.625,125,500,20,20,"KTI","zos_rest_ps__DNR__PNNL"
"149",149,"MCN_south_1","SPT","rebar","MCN_south_1__2016-09-21__rebar__SPT","point","test",2016-09-21,"MCN_south_1","rebar",2.5,2.5,6.25,5,0.15,20,500,80,100,"SPT","zos_rec_ps__USFWS__PNNL"
"150",150,"MCN_south_2","SPT","rebar","MCN_south_2__2016-09-21__rebar__SPT","point","test",2016-09-21,"MCN_south_2","rebar",2.5,2.5,6.25,5,0.5,20,500,80,100,"SPT","zos_rec_ps__USFWS__PNNL"
"151",151,"MCN_south_3","SPT","rebar","MCN_south_3__2016-09-21__rebar__SPT","point","test",2016-09-21,"MCN_south_3","rebar",2.5,2.5,6.25,5,0.5,20,500,80,100,"SPT","zos_rec_ps__USFWS__PNNL"
"152",152,"MCN_still_1","SPT","rebar","MCN_still_1__2016-09-21__rebar__SPT","point","test",2016-09-21,"MCN_still_1","rebar",2.5,2.5,6.25,5,0.5,20,500,80,100,"SPT","zos_rec_ps__USFWS__PNNL"
"153",153,"MCN_still_2","SPT","rebar","MCN_still_2__2016-09-21__rebar__SPT","point","test",2016-09-21,"MCN_still_2","rebar",2.5,2,5,5,0.5,20,500,100,100,"SPT","zos_rec_ps__USFWS__PNNL"
"154",154,"MCN_still_2","SPT","staple","MCN_still_2__2016-09-21__staple__SPT","point","test",2016-09-21,"MCN_still_2","staple",2.5,2,5,5,0.625,125,500,100,100,"SPT","zos_rec_ps__USFWS__PNNL"
"155",155,"MCN_north_2","THC","rebar","MCN_north_2__2017-06-07__rebar__THC","point","test",2017-06-07,"MCN_north_2","rebar",2.5,2,5,5,0.5,20,500,100,100,"THC","zos_rec_ps__USFWS__PNNL"
"156",156,"MCN_North_3","THC","rebar","MCN_North_3__2017-06-07__rebar__THC","point","test",2017-06-07,"MCN_North_3","rebar",2.5,2,5,5,0.5,20,500,100,100,"THC","zos_rec_ps__USFWS__PNNL"
"157",157,"MCN_south_L2","THC","rebar","MCN_south_L2__2017-07-06__rebar__THC","line","large scale",2017-07-06,"MCN_south_L2","rebar",24,5,120,58.25,5.825,233,5825,48.5416666666667,100,"THC","zos_rec_ps__USFWS__PNNL"
"158",158,"MCN_south_L1","THC","rebar","MCN_south_L1__2017-07-07__rebar__THC","line","large scale",2017-07-07,"MCN_south_L1","rebar",8,5,40,20,2,80,2000,50,100,"THC","zos_rec_ps__USFWS__PNNL"
"159",159,"MCN_south_L3","THC","rebar","MCN_south_L3__2017-07-08__rebar__THC","line","large scale",2017-07-08,"MCN_south_L3","rebar",16,5,80,40,4,160,4000,50,100,"THC","zos_rec_ps__USFWS__PNNL"
"160",160,"MIL_1","CPT","rebar","MIL_1__2017-08-31__rebar__CPT","point","test",2017-08-31,"MIL_1","rebar",2.5,2.5,6.25,4.5,0.45,18,450,72,100,"CPT","zos_rec_ps__USFWS__PNNL"
"161",161,"MIL_3","CPT","rebar","MIL_3__2017-08-31__rebar__CPT","point","test",2017-08-31,"MIL_3","rebar",2.5,2.5,6.25,5,0.5,20,500,80,100,"CPT","zos_rec_ps__USFWS__PNNL"
"162",162,"MRE_1","DPW","rebar","MRE_1__2021-05-28__rebar__DPW","point","test",2021-05-28,"MRE_1","rebar",1.5,1,1.5,3.75,0.375,15,300,200,80,"DPW","kingco__KingCounty__unspecified"
"163",163,"MRE_1","DMB","rebar","MRE_1__2021-05-28__rebar__DMB","point","test",2021-05-28,"MRE_1","rebar",1,1,1,3,0.3,12,240,240,80,"DMB","kingco__KingCounty__unspecified"
"164",164,"MRE_2","DPW","rebar","MRE_2__2022-05-17__rebar__DPW_r1","point","test",2022-05-17,"MRE_2","rebar",1,0.5,0.5,1.5,0.15,6,120,240,80,"DPW","kingco__KingCounty__unspecified"
"165",165,"MRE_2","DPW","rebar","MRE_2__2022-05-17__rebar__DPW_r2","point","test",2022-05-17,"MRE_2","rebar",2.5,1,2.5,7.75,0.775,31,620,248,80,"DPW","kingco__KingCounty__unspecified"
"166",166,"OST","CPT","staple","OST__2015-02-18__staple__CPT","point","test",2015-02-18,"OST","staple",5,5,25,25,0.625,125,500,20,20,"CPT","zos_rest_ps__DNR__PNNL"
"167",167,"OTB_1","DPW","rebar","OTB_1__2023-05-07__rebar__DPW","point","test",2023-05-07,"OTB_1","rebar",1.5,0.5,0.75,2.75,0.275,11,150,200,54.5454545454545,"DPW","unaffiliated__unspecified__unspecified"
"168",168,"PEN_L1","RKB","burlap","PEN_L1__2016-05-20__burlap__RKB","point","test",2016-05-20,"PEN_L1","burlap",5,5,25,39,9.75,156,780,31.2,20,"RKB","zos_rest_ps__WDFW__Hart Crowser"
"169",169,"PTG_5","PTJ","staple","PTG_5__2014-11-18__staple__PTJ","point","test",2014-11-18,"PTG_5","staple",5,5,25,25,0.625,125,500,20,20,"PTJ","zos_rest_pgamble__Ecology__PNNL"
"170",170,"PTG_2","PTJ","staple","PTG_2__2014-11-19__staple__PTJ","point","test",2014-11-19,"PTG_2","staple",5,5,25,25,0.625,125,500,20,20,"PTJ","zos_rest_pgamble__Ecology__PNNL"
"171",171,"PTG_3","PTJ","staple","PTG_3__2014-11-19__staple__PTJ","point","test",2014-11-19,"PTG_3","staple",5,5,25,25,0.625,125,500,20,20,"PTJ","zos_rest_pgamble__Ecology__PNNL"
"172",172,"PTG_4","PTJ","staple","PTG_4__2014-11-19__staple__PTJ","point","test",2014-11-19,"PTG_4","staple",5,5,25,25,0.625,125,500,20,20,"PTJ","zos_rest_pgamble__Ecology__PNNL"
"173",173,"PTG_1","PTJ","staple","PTG_1__2014-11-20__staple__PTJ","point","test",2014-11-20,"PTG_1","staple",5,5,25,25,0.625,125,500,20,20,"PTJ","zos_rest_pgamble__Ecology__PNNL"
"174",174,"PTG_6","PTJ","staple","PTG_6__2014-11-20__staple__PTJ","point","test",2014-11-20,"PTG_6","staple",5,5,25,25,0.625,125,500,20,20,"PTJ","zos_rest_pgamble__Ecology__PNNL"
"175",175,"PTG_P1","PTJ","staple","PTG_P1__2015-04-01__staple__PTJ","polygon","large scale",2015-04-01,"PTG_P1","staple",48,36,1728,240,6,1200,4800,2.77777777777778,20,"PTJ","zos_rest_pgamble__Ecology__PNNL"
"176",176,"PTG_P2","PTJ","staple","PTG_P2__2015-04-01__staple__PTJ","polygon","large scale",2015-04-01,"PTG_P2","staple",60,36,2160,320,7.9125,1582.5,6330,2.93055555555556,19.78125,"PTJ","zos_rest_pgamble__Ecology__PNNL"
"177",177,"PTG_P3","PTJ","staple","PTG_P3__2015-04-01__staple__PTJ","polygon","large scale",2015-04-01,"PTG_P3","staple",60,36,2160,320,8,1600,6400,2.96296296296296,20,"PTJ","zos_rest_pgamble__Ecology__PNNL"
"178",178,"PTG_P4","PTJ","staple","PTG_P4__2015-04-01__staple__PTJ","polygon","large scale",2015-04-01,"PTG_P4","staple",60,36,2160,320,7.965,1593,6372,2.95,19.9125,"PTJ","zos_rest_pgamble__Ecology__PNNL"
"179",179,"QMH_1S","DMB","rebar","QMH_1S__2018-05-30__rebar__DMB","point","test",2018-05-30,"QMH_1S","rebar",12,1,12,7.5,0.75,30,600,50,80,"DMB","zos_rec_ps__USFWS__PNNL"
"180",180,"QMH_1D","DMB","rebar","QMH_1D__2018-05-30__rebar__DMB","point","test",2018-05-30,"QMH_1D","rebar",12,1,12,7.5,0.75,30,600,50,80,"DMB","zos_rec_ps__USFWS__PNNL"
"181",181,"QMH_4S","DMB","rebar","QMH_4S__2018-05-30__rebar__DMB","point","test",2018-05-30,"QMH_4S","rebar",12,1,12,7.5,0.75,30,600,50,80,"DMB","zos_rec_ps__USFWS__PNNL"
"182",182,"QMH_4D","DMB","rebar","QMH_4D__2018-05-30__rebar__DMB","point","test",2018-05-30,"QMH_4D","rebar",12,1,12,7.5,0.75,30,600,50,80,"DMB","zos_rec_ps__USFWS__PNNL"
"183",183,"QMH_5S","DMB","rebar","QMH_5S__2018-05-31__rebar__DMB","point","test",2018-05-31,"QMH_5S","rebar",12,1,12,7.5,0.75,30,600,50,80,"DMB","zos_rec_ps__USFWS__PNNL"
"184",184,"QMH_5D","DMB","rebar","QMH_5D__2018-05-31__rebar__DMB","point","test",2018-05-31,"QMH_5D","rebar",12,1,12,7.5,0.75,30,600,50,80,"DMB","zos_rec_ps__USFWS__PNNL"
"185",185,"QMH_2D","DMB","rebar","QMH_2D__2018-06-01__rebar__DMB","point","test",2018-06-01,"QMH_2D","rebar",12,1,12,7.5,0.75,30,600,50,80,"DMB","zos_rec_ps__USFWS__PNNL"
"186",186,"QMH_3S","DMB","rebar","QMH_3S__2018-06-01__rebar__DMB","point","test",2018-06-01,"QMH_3S","rebar",12,1,12,7.5,0.75,30,600,50,80,"DMB","zos_rec_ps__USFWS__PNNL"
"187",187,"QMH_3D","DMB","rebar","QMH_3D__2018-06-01__rebar__DMB","point","test",2018-06-01,"QMH_3D","rebar",12,1,12,7.5,0.75,30,600,50,80,"DMB","zos_rec_ps__USFWS__PNNL"
"188",188,"QMH_4S","DPW","rebar","QMH_4S__2021-05-13__rebar__DPW","point","test",2021-05-13,"QMH_4S","rebar",3.5,0.5,1.75,1,0.3,12,240,137.142857142857,240,"DPW","kingco__KingCounty__unspecified"
"189",189,"QMH_4S","DMB","rebar","QMH_4S__2021-05-14__rebar__DMB","point","test",2021-05-14,"QMH_4S","rebar",4.5,0.5,2.25,1.25,0.375,15,375,166.666666666667,300,"DMB","kingco__KingCounty__unspecified"
"190",190,"QMH_4S","DPW","rebar","QMH_4S__2021-05-26__rebar__DPW_r1","point","test",2021-05-26,"QMH_4S","rebar",2.5,1,2.5,1.5,0.45,18,270,108,180,"DPW","kingco__KingCounty__unspecified"
"191",191,"QMH_5a","DPW","rebar","QMH_5a__2021-05-13__rebar__DPW","point","test",2021-05-13,"QMH_5a","rebar",2.5,0.5,1.25,0.75,0.225,9,180,144,240,"DPW","kingco__KingCounty__unspecified"
"192",192,"QMH_5a","DMB","rebar","QMH_5a__2021-05-14__rebar__DMB","point","test",2021-05-14,"QMH_5a","rebar",2.5,0.5,1.25,0.75,0.225,9,180,144,240,"DMB","kingco__KingCounty__unspecified"
"193",193,"QMH_4S","DPW","rebar","QMH_4S__2021-05-26__rebar__DPW_r2","point","test",2021-05-26,"QMH_4S","rebar",2.5,1,2.5,4.5,0.45,18,360,144,80,"DPW","kingco__KingCounty__unspecified"
"194",194,"QMH_4S","DPW","TERFS","QMH_4S__2022-05-19__TERFS__DPW","point","test",2022-05-19,"QMH_4S","TERFS",1.5,0.5,0.75,0.75,0.75,3,75,100,100,"DPW","kingco__KingCounty__unspecified"
"195",195,"QLC01","QLB","staple","QLC01__2014-11-24__staple__QLB","point","test",2014-11-24,"QLC01","staple",5,5,25,25,0.625,125,500,20,20,"QLB","zos_rest_ps__DNR__PNNL"
"196",196,"QLC_north1","QLB","staple","QLC_north1__2016-06-30__staple__QLB","point","test",2016-06-30,"QLC_north1","staple",2,2,4,4,0.3,60,240,60,60,"QLB","zos_rest_3_deltas__USACE__PNNL"
"197",197,"QLC_north2","QLB","staple","QLC_north2__2016-06-30__staple__QLB","point","test",2016-06-30,"QLC_north2","staple",2,2,4,4,0.3,60,240,60,60,"QLB","zos_rest_3_deltas__USACE__PNNL"
"198",198,"QLC_north3","QLB","staple","QLC_north3__2016-06-30__staple__QLB","point","test",2016-06-30,"QLC_north3","staple",2,2,4,4,0.3,60,240,60,60,"QLB","zos_rest_3_deltas__USACE__PNNL"
"199",199,"QLC_mid1","QLB","staple","QLC_mid1__2016-06-30__staple__QLB","point","test",2016-06-30,"QLC_mid1","staple",2,2,4,4,0.3,60,240,60,60,"QLB","zos_rest_3_deltas__USACE__PNNL"
"200",200,"QLC_mid2","QLB","staple","QLC_mid2__2016-06-30__staple__QLB","point","test",2016-06-30,"QLC_mid2","staple",2,2,4,4,0.3,60,240,60,60,"QLB","zos_rest_3_deltas__USACE__PNNL"
"201",201,"QLC_mid3","QLB","staple","QLC_mid3__2016-06-30__staple__QLB","point","test",2016-06-30,"QLC_mid3","staple",2,2,4,4,0.3,60,240,60,60,"QLB","zos_rest_3_deltas__USACE__PNNL"
"202",202,"QLC_south1","QLB","staple","QLC_south1__2016-06-30__staple__QLB","point","test",2016-06-30,"QLC_south1","staple",2,2,4,4,0.3,60,240,60,60,"QLB","zos_rest_3_deltas__USACE__PNNL"
"203",203,"QLC_south2","QLB","staple","QLC_south2__2016-06-30__staple__QLB","point","test",2016-06-30,"QLC_south2","staple",2,2,4,4,0.3,60,240,60,60,"QLB","zos_rest_3_deltas__USACE__PNNL"
"204",204,"QLC_south3","QLB","staple","QLC_south3__2016-06-30__staple__QLB","point","test",2016-06-30,"QLC_south3","staple",2,2,4,4,0.3,60,240,60,60,"QLB","zos_rest_3_deltas__USACE__PNNL"
"205",205,"SHB_1","SHB","rebar","SHB_1__2023-06-04__rebar__SHB","point","test",2023-06-04,"SHB_1","rebar",NA,NA,0,2.25,0.225,9,NA,NA,0,"SHB","unaffiliated__unspecified__unspecified"
"206",206,"SKG_1","SKB","rebar","SKG_1__2016-09-08__rebar__SKB","point","test",2016-09-08,"SKG_1","rebar",2,2,4,5,0.5,20,500,125,100,"SKB","zos_rest_3_deltas__USACE__PNNL"
"207",207,"SKG_2","SKB","rebar","SKG_2__2016-09-08__rebar__SKB","point","test",2016-09-08,"SKG_2","rebar",2,2,4,5,0.5,20,500,125,100,"SKB","zos_rest_3_deltas__USACE__PNNL"
"208",208,"SKG_5","SKB","rebar","SKG_5__2016-09-09__rebar__SKB","point","test",2016-09-09,"SKG_5","rebar",1.5,2,3,4,0.4,16,400,133.333333333333,100,"SKB","zos_rest_3_deltas__USACE__PNNL"
"209",209,"SKG_6","SKB","rebar","SKG_6__2016-09-09__rebar__SKB","point","test",2016-09-09,"SKG_6","rebar",1.5,2,3,4,0.4,16,400,133.333333333333,100,"SKB","zos_rest_3_deltas__USACE__PNNL"
"210",210,"STI","WNB","staple","STI__2015-03-12__staple__WNB","point","test",2015-03-12,"STI","staple",5,5,25,25,0.625,125,500,20,20,"WNB","zos_rest_ps__DNR__PNNL"
"211",211,"TAY_L1","RKB","burlap","TAY_L1__2016-05-19__burlap__RKB","line","test",2016-05-19,"TAY_L1","burlap",25,5,125,75,9.75,156,780,6.24,10.4,"RKB","zos_rest_ps__WDFW__Hart Crowser"
"212",212,"WES_east","PNT","staple","WES_east__2013-06-14__staple__PNT","point","test",2013-06-14,"WES_east","staple",5,95,475,25,0.56,112,448,0.943157894736842,17.92,"PNT","twentypc__WDFW__PNNL"
"213",213,"WES_west","PNT","staple","WES_west__2013-06-14__staple__PNT","point","test",2013-06-14,"WES_west","staple",5,57,285,25,0.59,118,472,1.65614035087719,18.88,"PNT","twentypc__WDFW__PNNL"
"214",214,"WES_A","Mix","rebar","WES_A__2017-06-01__rebar__Mix","point","test",2017-06-01,"WES_A","rebar",2.5,2.5,6.25,5,0.5,20,500,80,100,"Mix","zos_rec_ps__USFWS__PNNL"
"215",215,"WES_B","BPT","rebar","WES_B__2017-06-01__rebar__BPT","point","test",2017-06-01,"WES_B","rebar",2.5,2.5,6.25,5,0.5,20,500,80,100,"BPT","zos_rec_ps__USFWS__PNNL"
"216",216,"WES_C","MTB","rebar","WES_C__2017-06-02__rebar__MTB","point","test",2017-06-02,"WES_C","rebar",2.5,2.5,6.25,4.75,0.475,19,475,76,100,"MTB","zos_rec_ps__USFWS__PNNL"
"217",217,"WES_D","HRI","rebar","WES_D__2017-06-02__rebar__HRI","point","test",2017-06-02,"WES_D","rebar",3,2.5,7.5,6.18,0.618,24.72,618,82.4,100,"HRI","zos_rec_ps__USFWS__PNNL"
"218",218,"WES_test_1","DMB","rebar","WES_test_1__2020-08-01__rebar__DMB","line","test",2020-08-01,"WES_test_1","rebar",14,1,14,6,0.6,24,640,45.7142857142857,106.666666666667,"DMB","zos_rec_sji__DNR__unspecified"
"219",219,"WES_test_1","FYB","rebar","WES_test_1__2020-08-01__rebar__FYB","line","test",2020-08-01,"WES_test_1","rebar",14,1,14,0.75,0.075,3,60,4.28571428571429,80,"FYB","zos_rec_sji__DNR__unspecified"
"220",220,"WES_test_1","HRI","rebar","WES_test_1__2020-08-01__rebar__HRI","line","test",2020-08-01,"WES_test_1","rebar",14,1,14,2.25,0.225,9,135,9.64285714285714,60,"HRI","zos_rec_sji__DNR__unspecified"
"221",221,"WES_test_1","SHH","rebar","WES_test_1__2020-08-01__rebar__SHH","line","test",2020-08-01,"WES_test_1","rebar",14,1,14,3.75,0.375,15,210,15,56,"SHH","zos_rec_sji__DNR__unspecified"
"222",222,"WES_test_1","Mix","rebar","WES_test_1__2020-08-01__rebar__Mix","line","test",2020-08-01,"WES_test_1","rebar",14,1,14,2.25,0.225,9,275,19.6428571428571,122.222222222222,"Mix","zos_rec_sji__DNR__unspecified"
"223",223,"ZAN_1","THC","staple","ZAN_1__2013-06-06__staple__THC","point","test",2013-06-06,"ZAN_1","staple",5,9,45,45,1.09,218,872,19.3777777777778,19.3777777777778,"THC","twentypc__WDFW__PNNL"
"224",224,"ZAN_P1","THC","staple","ZAN_P1__2015-05-04__staple__THC","polygon","large scale",2015-05-04,"ZAN_P1","staple",55,30,1650,220,11.225,2245,8980,5.44242424242424,40.8181818181818,"THC","zos_rest_ps__DNR__PNNL"
"225",225,"ZAN_2","THC","staple","ZAN_2__2015-05-06__staple__THC","point","test",2015-05-06,"ZAN_2","staple",5,5,25,25,0.625,125,500,20,20,"THC","zos_rest_ps__DNR__PNNL"
"226",226,"ZAN_3","DPW","rebar","ZAN_3__2016-06-06__rebar__DPW","point","test",2016-06-06,"ZAN_3","rebar",0.25,0.25,0.0625,0.25,0.025,1,40,640,160,"DPW","dnr__DNR__unspecified"
"227",227,"ZAN_4","DPW","rebar","ZAN_4__2016-07-21__rebar__DPW","point","test",2016-07-21,"ZAN_4","rebar",4,0.25,1,1,0.1,4,200,200,200,"DPW","dnr__DNR__unspecified"
